"","prediction","Folio","team_name"
"1",625465.214960739,141380013010,"Miami Heat Predictors"
"2",844586.486594288,141380013150,"Miami Heat Predictors"
"3",622715.902638398,141380013180,"Miami Heat Predictors"
"4",212645.241434778,141380013210,"Miami Heat Predictors"
"5",707146.591861118,141380013280,"Miami Heat Predictors"
"6",745552.849610197,141380014320,"Miami Heat Predictors"
"7",1393325.89281222,141380014390,"Miami Heat Predictors"
"8",686023.358007024,141380014691,"Miami Heat Predictors"
"9",514232.389804313,141380014790,"Miami Heat Predictors"
"10",516247.211579878,141380015040,"Miami Heat Predictors"
"11",1209284.63473395,141380015140,"Miami Heat Predictors"
"12",1201080.16865995,141380015320,"Miami Heat Predictors"
"13",813.806544218096,141380080060,"Miami Heat Predictors"
"14",226525.957323889,141380080190,"Miami Heat Predictors"
"15",883674.598651448,141380080350,"Miami Heat Predictors"
"16",414191.134069839,141380080360,"Miami Heat Predictors"
"17",84781.2682891631,141380080370,"Miami Heat Predictors"
"18",223182.480729156,141380080470,"Miami Heat Predictors"
"19",215241.040902971,141380080570,"Miami Heat Predictors"
"20",6213.19717313617,141380080600,"Miami Heat Predictors"
"21",222872.021847813,141380080610,"Miami Heat Predictors"
"22",575822.109203973,141380080840,"Miami Heat Predictors"
"23",298503.189121637,141380080860,"Miami Heat Predictors"
"24",560178.965928506,141380080910,"Miami Heat Predictors"
"25",705004.288494493,141380081260,"Miami Heat Predictors"
"26",585354.554419586,141380081300,"Miami Heat Predictors"
"27",396200.316589606,141380081480,"Miami Heat Predictors"
"28",855079.85192404,141380081500,"Miami Heat Predictors"
"29",1192987.45769146,141380081540,"Miami Heat Predictors"
"30",86116.2241793905,141380081670,"Miami Heat Predictors"
"31",302981.695171864,141380081710,"Miami Heat Predictors"
"32",755694.443034344,141380081920,"Miami Heat Predictors"
"33",752427.665893041,141380082000,"Miami Heat Predictors"
"34",403210.288285485,141380082050,"Miami Heat Predictors"
"35",399966.364292598,141380082061,"Miami Heat Predictors"
"36",758859.676939326,141380082080,"Miami Heat Predictors"
"37",713180.767641019,141380082270,"Miami Heat Predictors"
"38",809232.201682617,141380082360,"Miami Heat Predictors"
"39",615463.37823773,141380082600,"Miami Heat Predictors"
"40",1385745.86618311,141380083100,"Miami Heat Predictors"
"41",590708.822556381,141380090030,"Miami Heat Predictors"
"42",335821.030588532,141380090070,"Miami Heat Predictors"
"43",469030.082423401,141380090280,"Miami Heat Predictors"
"44",288322.201489771,141380091010,"Miami Heat Predictors"
"45",586384.030280862,141380091340,"Miami Heat Predictors"
"46",111730.740584578,141380091380,"Miami Heat Predictors"
"47",227823.102420106,141380091420,"Miami Heat Predictors"
"48",852698.028659548,141380091440,"Miami Heat Predictors"
"49",1833706.64755161,141380100020,"Miami Heat Predictors"
"50",1703916.43730696,141380100350,"Miami Heat Predictors"
"51",530262.422763381,141380100360,"Miami Heat Predictors"
"52",453054.368525051,141380100460,"Miami Heat Predictors"
"53",596913.805511556,141380100500,"Miami Heat Predictors"
"54",216953.151053946,141380100600,"Miami Heat Predictors"
"55",609812.471611109,141380100650,"Miami Heat Predictors"
"56",436678.428135125,141380100680,"Miami Heat Predictors"
"57",-13286.6204179942,141380100830,"Miami Heat Predictors"
"58",974233.680889034,141380100970,"Miami Heat Predictors"
"59",398486.405150467,141380101000,"Miami Heat Predictors"
"60",1263965.635602,141380101030,"Miami Heat Predictors"
"61",813549.78929263,141380101040,"Miami Heat Predictors"
"62",461562.823308492,141380101240,"Miami Heat Predictors"
"63",541850.020172111,141380101840,"Miami Heat Predictors"
"64",689833.92128893,141380101970,"Miami Heat Predictors"
"65",2537281.72178705,141390010063,"Miami Heat Predictors"
"66",818068.714541092,141390010290,"Miami Heat Predictors"
"67",2239390.84384639,141390010300,"Miami Heat Predictors"
"68",5555335.63135761,141390010410,"Miami Heat Predictors"
"69",1167320.24776301,141390011090,"Miami Heat Predictors"
"70",2854657.42016609,141390011844,"Miami Heat Predictors"
"71",2691592.20613137,141390011905,"Miami Heat Predictors"
"72",1164905.29397457,141390012080,"Miami Heat Predictors"
"73",1167281.50055029,141390012140,"Miami Heat Predictors"
"74",1701365.04378951,141390012180,"Miami Heat Predictors"
"75",647522.303537082,141390040050,"Miami Heat Predictors"
"76",137541.919109828,141390040060,"Miami Heat Predictors"
"77",1256301.85990834,141390040170,"Miami Heat Predictors"
"78",266697.970193489,141390050030,"Miami Heat Predictors"
"79",863120.246961242,141390050080,"Miami Heat Predictors"
"80",769519.185003489,141390050700,"Miami Heat Predictors"
"81",97802.2166700871,141390051120,"Miami Heat Predictors"
"82",281384.686825817,141390051720,"Miami Heat Predictors"
"83",1175858.9484353,141390051760,"Miami Heat Predictors"
"84",777843.20000118,141390051990,"Miami Heat Predictors"
"85",213406.521959739,141390052420,"Miami Heat Predictors"
"86",755888.665300767,141390052500,"Miami Heat Predictors"
"87",624536.872302614,141390052840,"Miami Heat Predictors"
"88",766591.222400701,141390070570,"Miami Heat Predictors"
"89",476404.229559877,141390072880,"Miami Heat Predictors"
"90",431938.504775969,141390072890,"Miami Heat Predictors"
"91",-66293.2679157335,141390073010,"Miami Heat Predictors"
"92",133601.033541399,141390073090,"Miami Heat Predictors"
"93",292031.852006352,141390073110,"Miami Heat Predictors"
"94",4254.03818476025,141390073570,"Miami Heat Predictors"
"95",1154789.00544963,141390073720,"Miami Heat Predictors"
"96",47059.6821924761,141390073790,"Miami Heat Predictors"
"97",224289.696505214,141390073950,"Miami Heat Predictors"
"98",-31129.4814608082,141390074010,"Miami Heat Predictors"
"99",78073.1131147706,141390074030,"Miami Heat Predictors"
"100",140935.631733119,141390074240,"Miami Heat Predictors"
"101",474978.63234628,141390074441,"Miami Heat Predictors"
"102",1432120.36973281,141391180010,"Miami Heat Predictors"
"103",2070250.50520166,141391320020,"Miami Heat Predictors"
"104",2738845.01208208,141400020010,"Miami Heat Predictors"
"105",13195449.3712424,141400090010,"Miami Heat Predictors"
"106",2566842.61163729,141400270020,"Miami Heat Predictors"
"107",1679857.41116951,141400310070,"Miami Heat Predictors"
"108",1777845.65849513,141400310080,"Miami Heat Predictors"
"109",1675383.8529514,141400310110,"Miami Heat Predictors"
"110",2041674.10143004,141400340010,"Miami Heat Predictors"
"111",2406150.1961818,232020040460,"Miami Heat Predictors"
"112",2384682.84687585,232020040540,"Miami Heat Predictors"
"113",1029976.4164605,232030010560,"Miami Heat Predictors"
"114",674270.858900327,232030010570,"Miami Heat Predictors"
"115",556913.314539438,232030010630,"Miami Heat Predictors"
"116",1827419.13855412,232030010650,"Miami Heat Predictors"
"117",867801.648316312,232030010820,"Miami Heat Predictors"
"118",808576.284441965,232030010870,"Miami Heat Predictors"
"119",733006.462979505,232030010910,"Miami Heat Predictors"
"120",876852.957479705,232030010940,"Miami Heat Predictors"
"121",1437554.51646361,232030011510,"Miami Heat Predictors"
"122",896171.985452433,232030011660,"Miami Heat Predictors"
"123",1164001.09966153,232030011690,"Miami Heat Predictors"
"124",897447.201485258,232030011930,"Miami Heat Predictors"
"125",678452.2922661,232030012060,"Miami Heat Predictors"
"126",803969.806472382,232030012070,"Miami Heat Predictors"
"127",591049.405312274,232030012080,"Miami Heat Predictors"
"128",602069.492893424,232030012520,"Miami Heat Predictors"
"129",610978.579501769,232030012580,"Miami Heat Predictors"
"130",784071.363550143,232030012820,"Miami Heat Predictors"
"131",772334.887726453,232030012870,"Miami Heat Predictors"
"132",469921.100679195,232030013090,"Miami Heat Predictors"
"133",549397.586841124,232030013120,"Miami Heat Predictors"
"134",17019.1036242077,232030013140,"Miami Heat Predictors"
"135",1715831.55652376,232030013260,"Miami Heat Predictors"
"136",664012.680358036,232030013400,"Miami Heat Predictors"
"137",9695467.54718863,232030070010,"Miami Heat Predictors"
"138",1870302.75343722,232030070020,"Miami Heat Predictors"
"139",776784.658506048,232030070180,"Miami Heat Predictors"
"140",963553.291427413,232030070230,"Miami Heat Predictors"
"141",578202.997195887,232030070240,"Miami Heat Predictors"
"142",363740.760523538,232030070510,"Miami Heat Predictors"
"143",1093391.70323433,232030070540,"Miami Heat Predictors"
"144",542690.710832083,232030071080,"Miami Heat Predictors"
"145",413726.166769609,232030071920,"Miami Heat Predictors"
"146",573886.244184342,232030072260,"Miami Heat Predictors"
"147",629804.378699154,232030072330,"Miami Heat Predictors"
"148",1049899.58475175,232030072470,"Miami Heat Predictors"
"149",279549.650161085,232030072560,"Miami Heat Predictors"
"150",1116968.19804148,232030073030,"Miami Heat Predictors"
"151",395678.346507102,232030073180,"Miami Heat Predictors"
"152",948676.229967154,232030073240,"Miami Heat Predictors"
"153",873229.699758296,232030073320,"Miami Heat Predictors"
"154",1194528.35835081,232030073350,"Miami Heat Predictors"
"155",768689.994362081,232030073550,"Miami Heat Predictors"
"156",2802999.41374814,232030090100,"Miami Heat Predictors"
"157",192723.505768445,232030110740,"Miami Heat Predictors"
"158",512561.737326163,232030110900,"Miami Heat Predictors"
"159",1707893.61658949,232030111090,"Miami Heat Predictors"
"160",1618831.41950342,232030111300,"Miami Heat Predictors"
"161",377319.035263334,232030111450,"Miami Heat Predictors"
"162",3380663.9046591,232030111480,"Miami Heat Predictors"
"163",1500155.63589057,232030111540,"Miami Heat Predictors"
"164",624009.274871105,232030111690,"Miami Heat Predictors"
"165",1886235.51259854,232030111870,"Miami Heat Predictors"
"166",1975857.94712107,232030111910,"Miami Heat Predictors"
"167",1691996.50130315,232030112050,"Miami Heat Predictors"
"168",2155609.28861512,232030112130,"Miami Heat Predictors"
"169",807267.447150657,232090070020,"Miami Heat Predictors"
"170",815323.405584272,232090070060,"Miami Heat Predictors"
"171",811044.180632833,232090070090,"Miami Heat Predictors"
"172",183861.517628851,232100010150,"Miami Heat Predictors"
"173",299476.634708114,232100010250,"Miami Heat Predictors"
"174",81064.7431771457,232100010310,"Miami Heat Predictors"
"175",-11237.4450309561,232100010350,"Miami Heat Predictors"
"176",11249.9373575798,232100010520,"Miami Heat Predictors"
"177",-23997.1123279375,232100010620,"Miami Heat Predictors"
"178",145275.407982304,232100010690,"Miami Heat Predictors"
"179",647809.51696317,232100010790,"Miami Heat Predictors"
"180",-83843.1260950034,232100010900,"Miami Heat Predictors"
"181",3698659.41537074,232100011120,"Miami Heat Predictors"
"182",2518651.09492163,232100011130,"Miami Heat Predictors"
"183",3089960.61441476,232100020040,"Miami Heat Predictors"
"184",-109454.358985698,232100020220,"Miami Heat Predictors"
"185",158544.337941971,232100020480,"Miami Heat Predictors"
"186",190572.174678972,232100020540,"Miami Heat Predictors"
"187",522355.040962964,232100020630,"Miami Heat Predictors"
"188",565378.582944829,232100100160,"Miami Heat Predictors"
"189",1750286.15530907,232100100200,"Miami Heat Predictors"
"190",2375894.01425486,232100100250,"Miami Heat Predictors"
"191",398908.594573916,232100120980,"Miami Heat Predictors"
"192",196542.218731702,232100121040,"Miami Heat Predictors"
"193",112444.511189474,232100121170,"Miami Heat Predictors"
"194",28852.0829628422,232100121320,"Miami Heat Predictors"
"195",95371.4277003533,232100121340,"Miami Heat Predictors"
"196",19764.3750677514,232100131920,"Miami Heat Predictors"
"197",508825.440098918,232100131980,"Miami Heat Predictors"
"198",611848.81005828,232100132090,"Miami Heat Predictors"
"199",2161221.25630695,232100132110,"Miami Heat Predictors"
"200",2275018.99141794,232100132150,"Miami Heat Predictors"
"201",397789.90409905,232100132330,"Miami Heat Predictors"
"202",453866.30840621,232100132710,"Miami Heat Predictors"
"203",468068.829984824,232100132870,"Miami Heat Predictors"
"204",-137681.001299397,232100132900,"Miami Heat Predictors"
"205",-47119.3562514237,232100133270,"Miami Heat Predictors"
"206",1544721.17824795,232100133310,"Miami Heat Predictors"
"207",1897496.67733387,232110140330,"Miami Heat Predictors"
"208",1749073.37166674,232110140370,"Miami Heat Predictors"
"209",1579958.42435799,232110140400,"Miami Heat Predictors"
"210",979106.24100809,232110140410,"Miami Heat Predictors"
"211",981909.346694266,232110140520,"Miami Heat Predictors"
"212",599397.217196467,232110140530,"Miami Heat Predictors"
"213",1149175.53737329,232110140700,"Miami Heat Predictors"
"214",1212894.61178869,232110141020,"Miami Heat Predictors"
"215",1243031.73498003,232110141090,"Miami Heat Predictors"
"216",2352194.25109429,232110141100,"Miami Heat Predictors"
"217",2782806.62051086,232110141131,"Miami Heat Predictors"
"218",664879.931983968,232110141200,"Miami Heat Predictors"
"219",2365827.85220225,232110141290,"Miami Heat Predictors"
"220",2422943.80180808,232110141410,"Miami Heat Predictors"
"221",1142239.7613891,232140030530,"Miami Heat Predictors"
"222",2172208.36914457,232140030590,"Miami Heat Predictors"
"223",1359966.03472592,232140030610,"Miami Heat Predictors"
"224",2373377.19287765,232140030620,"Miami Heat Predictors"
"225",1039380.51734209,232140030680,"Miami Heat Predictors"
"226",1267962.61344231,232140030780,"Miami Heat Predictors"
"227",2184497.56012504,232140030890,"Miami Heat Predictors"
"228",1029925.59358651,232140031090,"Miami Heat Predictors"
"229",1358033.68127272,232140031190,"Miami Heat Predictors"
"230",946226.737837156,232140031200,"Miami Heat Predictors"
"231",1272507.77998115,232140031260,"Miami Heat Predictors"
"232",2584443.19325121,232140031430,"Miami Heat Predictors"
"233",1242896.07512246,232140031680,"Miami Heat Predictors"
"234",1220722.18786231,232150030400,"Miami Heat Predictors"
"235",2985802.31968241,232150030480,"Miami Heat Predictors"
"236",643579.624365529,232150030570,"Miami Heat Predictors"
"237",2907223.70622935,232150030670,"Miami Heat Predictors"
"238",2616113.81157946,232150030760,"Miami Heat Predictors"
"239",1627280.64126772,232150030850,"Miami Heat Predictors"
"240",1014531.72697825,232150031010,"Miami Heat Predictors"
"241",1041956.68864847,232150031020,"Miami Heat Predictors"
"242",1679415.43965405,232150031100,"Miami Heat Predictors"
"243",1491813.82868395,232150031110,"Miami Heat Predictors"
"244",1473275.80717582,232150031220,"Miami Heat Predictors"
"245",3432737.06903546,232150031300,"Miami Heat Predictors"
"246",967950.724996155,232150031600,"Miami Heat Predictors"
"247",1136557.94604848,232150031730,"Miami Heat Predictors"
"248",1689421.80792263,232150031780,"Miami Heat Predictors"
"249",1244316.98471084,232150032410,"Miami Heat Predictors"
"250",1885367.05290255,232150032610,"Miami Heat Predictors"
"251",2639827.17246774,232150032700,"Miami Heat Predictors"
"252",1208747.1849251,232220011050,"Miami Heat Predictors"
"253",1335793.87365465,232220011220,"Miami Heat Predictors"
"254",549777.016218229,232220011320,"Miami Heat Predictors"
"255",1524147.98522862,232220011750,"Miami Heat Predictors"
"256",1051806.60907495,232220011820,"Miami Heat Predictors"
"257",622325.46730034,232220011870,"Miami Heat Predictors"
"258",926142.142922289,232220012020,"Miami Heat Predictors"
"259",672189.081932235,232220012080,"Miami Heat Predictors"
"260",914168.641508693,232220060060,"Miami Heat Predictors"
"261",2065710.402425,232220060090,"Miami Heat Predictors"
"262",1036098.75902983,232220060110,"Miami Heat Predictors"
"263",1705126.50213787,232220060280,"Miami Heat Predictors"
"264",1876154.58431183,232220070060,"Miami Heat Predictors"
"265",1073297.1448013,232220070280,"Miami Heat Predictors"
"266",919823.267417489,232220070350,"Miami Heat Predictors"
"267",917606.727320818,232220080020,"Miami Heat Predictors"
"268",2626064.16322191,232220080110,"Miami Heat Predictors"
"269",1666438.29683374,232220080240,"Miami Heat Predictors"
"270",1216286.86903827,232220080340,"Miami Heat Predictors"
"271",2495908.7773646,232220080350,"Miami Heat Predictors"
"272",1800890.51063513,232220080460,"Miami Heat Predictors"
"273",620106.410959208,232220090030,"Miami Heat Predictors"
"274",821914.651747323,232220090080,"Miami Heat Predictors"
"275",1660916.76960118,232220090130,"Miami Heat Predictors"
"276",2470891.42450227,232220090320,"Miami Heat Predictors"
"277",1493079.29601255,232220090390,"Miami Heat Predictors"
"278",1385541.95154989,232220100110,"Miami Heat Predictors"
"279",2150623.86399298,232220100210,"Miami Heat Predictors"
"280",1651446.39998482,232220100400,"Miami Heat Predictors"
"281",1123217.76665256,232220100520,"Miami Heat Predictors"
"282",2231848.20072739,232220100590,"Miami Heat Predictors"
"283",941121.757860354,232220100680,"Miami Heat Predictors"
"284",2485532.51847811,232220100740,"Miami Heat Predictors"
"285",1818551.49767556,232220110540,"Miami Heat Predictors"
"286",955628.555886159,232220110660,"Miami Heat Predictors"
"287",806622.334515656,232220110750,"Miami Heat Predictors"
"288",1853939.01671396,232220110850,"Miami Heat Predictors"
"289",2677472.06110679,232220110930,"Miami Heat Predictors"
"290",2082596.25205278,232220110980,"Miami Heat Predictors"
"291",1800742.50301727,232220111190,"Miami Heat Predictors"
"292",1478318.66885504,232220111200,"Miami Heat Predictors"
"293",1213423.15947154,232220111260,"Miami Heat Predictors"
"294",1146484.90822607,232220111320,"Miami Heat Predictors"
"295",762307.388948271,232220111400,"Miami Heat Predictors"
"296",773237.809571814,232220111480,"Miami Heat Predictors"
"297",835644.631948012,232220111500,"Miami Heat Predictors"
"298",1978246.35982116,232220111531,"Miami Heat Predictors"
"299",649891.246381227,232220111600,"Miami Heat Predictors"
"300",3173284.03007503,232220140050,"Miami Heat Predictors"
"301",2719985.48353301,232220140200,"Miami Heat Predictors"
"302",2803162.85662781,232220140270,"Miami Heat Predictors"
"303",2117611.97780747,232220140280,"Miami Heat Predictors"
"304",1496533.88528873,232220140320,"Miami Heat Predictors"
"305",4663721.66720469,232220140531,"Miami Heat Predictors"
"306",1870341.2075895,232220140760,"Miami Heat Predictors"
"307",896579.265499017,232220141030,"Miami Heat Predictors"
"308",1104901.03113428,232220141070,"Miami Heat Predictors"
"309",1411998.46137762,232220141410,"Miami Heat Predictors"
"310",1067208.30888024,232220141590,"Miami Heat Predictors"
"311",2775896.99335423,232220160020,"Miami Heat Predictors"
"312",730774.757307157,232220160130,"Miami Heat Predictors"
"313",903978.177496595,232220160150,"Miami Heat Predictors"
"314",972954.016173607,232220160190,"Miami Heat Predictors"
"315",1012475.95684523,232220160290,"Miami Heat Predictors"
"316",1600230.84197818,232220160500,"Miami Heat Predictors"
"317",2161710.97138378,232220180260,"Miami Heat Predictors"
"318",765347.896221785,232220180280,"Miami Heat Predictors"
"319",981442.748274509,232220180470,"Miami Heat Predictors"
"320",831728.364249964,232220180570,"Miami Heat Predictors"
"321",865494.978287824,232220180590,"Miami Heat Predictors"
"322",719341.914043418,232220180810,"Miami Heat Predictors"
"323",780772.948331537,232220180840,"Miami Heat Predictors"
"324",1121864.70232517,232220180880,"Miami Heat Predictors"
"325",1089260.27915514,232220180900,"Miami Heat Predictors"
"326",314428.601678206,232220180970,"Miami Heat Predictors"
"327",2975147.68562707,232220181155,"Miami Heat Predictors"
"328",1331712.53550773,232220220040,"Miami Heat Predictors"
"329",1252175.77518873,232220220060,"Miami Heat Predictors"
"330",563753.808446821,232220220090,"Miami Heat Predictors"
"331",885892.141546082,232220220250,"Miami Heat Predictors"
"332",7382871.25661025,232220220270,"Miami Heat Predictors"
"333",1151871.06364952,232220220430,"Miami Heat Predictors"
"334",603215.133082754,232220220490,"Miami Heat Predictors"
"335",817614.481233482,232220220550,"Miami Heat Predictors"
"336",923750.276355361,232220220640,"Miami Heat Predictors"
"337",789326.070806217,232220220820,"Miami Heat Predictors"
"338",1887334.16764827,232220220930,"Miami Heat Predictors"
"339",637638.305939278,232220221050,"Miami Heat Predictors"
"340",665606.024214503,232220221130,"Miami Heat Predictors"
"341",1451299.69609683,232270010040,"Miami Heat Predictors"
"342",1141714.72894417,232270010070,"Miami Heat Predictors"
"343",1331305.66016792,232270010230,"Miami Heat Predictors"
"344",1411519.26658365,232270010240,"Miami Heat Predictors"
"345",1713821.78755213,232270010480,"Miami Heat Predictors"
"346",1199107.30425146,232270010520,"Miami Heat Predictors"
"347",1799354.91475431,232270010600,"Miami Heat Predictors"
"348",2286013.39379404,232270010610,"Miami Heat Predictors"
"349",496846.343416982,232270010661,"Miami Heat Predictors"
"350",925029.679009306,232270010710,"Miami Heat Predictors"
"351",2150610.64099997,232270010730,"Miami Heat Predictors"
"352",1134358.65024213,232270010731,"Miami Heat Predictors"
"353",1363793.84410974,232270020160,"Miami Heat Predictors"
"354",1319496.77418531,232270020280,"Miami Heat Predictors"
"355",1464204.02751497,232270020290,"Miami Heat Predictors"
"356",1357674.87340151,232270030060,"Miami Heat Predictors"
"357",1021375.92175114,232270030090,"Miami Heat Predictors"
"358",1166586.42213901,232270040410,"Miami Heat Predictors"
"359",830190.028604183,232270080160,"Miami Heat Predictors"
"360",886967.95635351,232270080280,"Miami Heat Predictors"
"361",2115942.25209764,232270080650,"Miami Heat Predictors"
"362",1032415.37216738,232270080850,"Miami Heat Predictors"
"363",1686727.60059165,232270080870,"Miami Heat Predictors"
"364",1852608.48454378,232270081000,"Miami Heat Predictors"
"365",1336765.49110571,232270081070,"Miami Heat Predictors"
"366",2352306.59413041,232270081211,"Miami Heat Predictors"
"367",1643515.21705158,232270081230,"Miami Heat Predictors"
"368",2088082.03977399,232270081415,"Miami Heat Predictors"
"369",1113711.59665561,232270081481,"Miami Heat Predictors"
"370",2003036.63170811,232270081510,"Miami Heat Predictors"
"371",949740.133560039,232270081560,"Miami Heat Predictors"
"372",2109832.9005972,232270081660,"Miami Heat Predictors"
"373",7493736.14852551,232270100350,"Miami Heat Predictors"
"374",1953119.82516704,232270100400,"Miami Heat Predictors"
"375",8622639.03665541,232270150130,"Miami Heat Predictors"
"376",1856559.93538451,232270160010,"Miami Heat Predictors"
"377",2429978.18235898,232270160030,"Miami Heat Predictors"
"378",1600708.26721454,232270160130,"Miami Heat Predictors"
"379",2013050.91710683,232270160590,"Miami Heat Predictors"
"380",1051410.01585253,232270170110,"Miami Heat Predictors"
"381",998097.019796328,232270170420,"Miami Heat Predictors"
"382",1760694.31805783,232270170440,"Miami Heat Predictors"
"383",1605010.79151684,232270170480,"Miami Heat Predictors"
"384",1962561.82703829,232270170661,"Miami Heat Predictors"
"385",1474914.94834324,232270170890,"Miami Heat Predictors"
"386",1692981.04109398,232270170960,"Miami Heat Predictors"
"387",1603005.21038116,232270171090,"Miami Heat Predictors"
"388",1351828.16170043,232280012150,"Miami Heat Predictors"
"389",1315124.18690104,232280012200,"Miami Heat Predictors"
"390",1022107.53257293,232280012220,"Miami Heat Predictors"
"391",7588527.56677891,232320030630,"Miami Heat Predictors"
"392",4437619.86738054,232320030800,"Miami Heat Predictors"
"393",1860726.64454151,232320030820,"Miami Heat Predictors"
"394",1510863.25848462,232320030860,"Miami Heat Predictors"
"395",1517145.25275954,232320030870,"Miami Heat Predictors"
"396",1552270.50818272,232320040020,"Miami Heat Predictors"
"397",3608554.81562589,232320050130,"Miami Heat Predictors"
"398",1727736.79771299,232320050160,"Miami Heat Predictors"
"399",1827086.78475184,232320050340,"Miami Heat Predictors"
"400",3353363.08309529,232320050500,"Miami Heat Predictors"
"401",1483541.35618645,232320050550,"Miami Heat Predictors"
"402",1366772.59739143,232320111040,"Miami Heat Predictors"
"403",2790196.42897933,232320111050,"Miami Heat Predictors"
"404",1365724.94400255,232320111060,"Miami Heat Predictors"
"405",2419678.34216303,232320111190,"Miami Heat Predictors"
"406",2894988.38965378,232320111260,"Miami Heat Predictors"
"407",6861219.28443439,232320111280,"Miami Heat Predictors"
"408",1354497.99660118,232320111350,"Miami Heat Predictors"
"409",1039522.73709962,232320111410,"Miami Heat Predictors"
"410",1966198.1927769,232320111450,"Miami Heat Predictors"
"411",2438862.48585265,232320111480,"Miami Heat Predictors"
"412",2689481.31044334,232320111680,"Miami Heat Predictors"
"413",1450042.72561708,232320111690,"Miami Heat Predictors"
"414",1358770.13897647,232330010690,"Miami Heat Predictors"
"415",1739049.36489607,232330010730,"Miami Heat Predictors"
"416",1357263.59241544,232330010900,"Miami Heat Predictors"
"417",2871149.71285745,232330010930,"Miami Heat Predictors"
"418",1833579.31366,232330010970,"Miami Heat Predictors"
"419",1455640.64176679,232330011000,"Miami Heat Predictors"
"420",886887.650767038,232340040350,"Miami Heat Predictors"
"421",1690178.8906864,232340220090,"Miami Heat Predictors"
"422",841677.748751751,242030097090,"Miami Heat Predictors"
"423",415645.737306671,242030097200,"Miami Heat Predictors"
"424",1647979.54727921,242030098670,"Miami Heat Predictors"
"425",772028.556190541,242030098800,"Miami Heat Predictors"
"426",643149.88700245,242030098851,"Miami Heat Predictors"
"427",1409827.68430079,242030098990,"Miami Heat Predictors"
"428",560328.208381519,242030099040,"Miami Heat Predictors"
"429",4068539.33544181,242050020060,"Miami Heat Predictors"
"430",2507559.41497367,242050020110,"Miami Heat Predictors"
"431",3131050.69434988,242050020120,"Miami Heat Predictors"
"432",2299936.18374667,242050020190,"Miami Heat Predictors"
"433",5886397.91753199,242050020211,"Miami Heat Predictors"
"434",2292591.72744043,242050020360,"Miami Heat Predictors"
"435",1054282.78825904,242050020430,"Miami Heat Predictors"
"436",2423545.5129773,242050020530,"Miami Heat Predictors"
"437",2777392.12703462,242050020570,"Miami Heat Predictors"
"438",10601177.3837781,242050020650,"Miami Heat Predictors"
"439",2697631.58093512,242050020660,"Miami Heat Predictors"
"440",2673448.19008735,242050020790,"Miami Heat Predictors"
"441",259838.646932105,131120280070,"Miami Heat Predictors"
"442",300135.292373275,131130650820,"Miami Heat Predictors"
"443",496195.521077877,131220000870,"Miami Heat Predictors"
"444",183409.035452095,141020060270,"Miami Heat Predictors"
"445",367072.258858173,131240030650,"Miami Heat Predictors"
"446",133549.735334454,131250280680,"Miami Heat Predictors"
"447",90217.9263171527,141200060520,"Miami Heat Predictors"
"448",-6651.79193124152,131120460300,"Miami Heat Predictors"
"449",-16361.7408005928,131130230770,"Miami Heat Predictors"
"450",459087.242527167,131130300230,"Miami Heat Predictors"
"451",252831.539352667,131130300590,"Miami Heat Predictors"
"452",-31193.9584134696,131130420290,"Miami Heat Predictors"
"453",348082.358747295,131130420560,"Miami Heat Predictors"
"454",356630.418680389,131130420950,"Miami Heat Predictors"
"455",295709.89809318,131130421440,"Miami Heat Predictors"
"456",220383.428045976,131130421460,"Miami Heat Predictors"
"457",167082.081643733,131130422250,"Miami Heat Predictors"
"458",669528.869495312,131130480330,"Miami Heat Predictors"
"459",134853.035247758,131130490260,"Miami Heat Predictors"
"460",384751.431920449,131130570860,"Miami Heat Predictors"
"461",44526.7959394711,131140150340,"Miami Heat Predictors"
"462",-30705.5174931005,131140180110,"Miami Heat Predictors"
"463",-172720.712612678,131140181090,"Miami Heat Predictors"
"464",-163173.129892078,131140210240,"Miami Heat Predictors"
"465",90539.1626746103,131140260060,"Miami Heat Predictors"
"466",58049.8686638398,131140270210,"Miami Heat Predictors"
"467",-192114.099599172,131140270450,"Miami Heat Predictors"
"468",-18818.5999829429,131140270990,"Miami Heat Predictors"
"469",417039.519465919,131140290150,"Miami Heat Predictors"
"470",-201756.247613252,131140560031,"Miami Heat Predictors"
"471",204967.726547613,131220140841,"Miami Heat Predictors"
"472",214468.959904565,131220141020,"Miami Heat Predictors"
"473",683726.463124196,131220351360,"Miami Heat Predictors"
"474",546806.431680416,131220390200,"Miami Heat Predictors"
"475",251860.413340394,131220470300,"Miami Heat Predictors"
"476",-7560.27837538332,131220523320,"Miami Heat Predictors"
"477",-66876.9484742658,131220523580,"Miami Heat Predictors"
"478",50019.5310264981,131220524210,"Miami Heat Predictors"
"479",428877.253058602,131220525820,"Miami Heat Predictors"
"480",624641.098809396,131230340340,"Miami Heat Predictors"
"481",44980.9967342104,131230372090,"Miami Heat Predictors"
"482",631338.773996491,131230372130,"Miami Heat Predictors"
"483",271595.232111328,131230372340,"Miami Heat Predictors"
"484",127233.285568687,131230372810,"Miami Heat Predictors"
"485",586115.156246778,131230373140,"Miami Heat Predictors"
"486",-199951.885771586,131230373440,"Miami Heat Predictors"
"487",259163.728743962,131240012820,"Miami Heat Predictors"
"488",474792.140764139,131240131870,"Miami Heat Predictors"
"489",355207.672499104,131240133760,"Miami Heat Predictors"
"490",332233.095612032,131250192280,"Miami Heat Predictors"
"491",248736.067918257,131250270440,"Miami Heat Predictors"
"492",156507.141699188,131260030050,"Miami Heat Predictors"
"493",219886.268490004,131260220200,"Miami Heat Predictors"
"494",631969.667603455,131260220370,"Miami Heat Predictors"
"495",684644.182495133,131260360320,"Miami Heat Predictors"
"496",571774.737866797,131260360710,"Miami Heat Predictors"
"497",-58093.4290315615,131270120210,"Miami Heat Predictors"
"498",252675.335861856,131270280530,"Miami Heat Predictors"
"499",267440.617081923,131340140371,"Miami Heat Predictors"
"500",502335.08354876,131360270170,"Miami Heat Predictors"
"501",275866.122078982,141030061260,"Miami Heat Predictors"
"502",713700.995379444,141030080290,"Miami Heat Predictors"
"503",432028.335784479,141030310050,"Miami Heat Predictors"
"504",366886.853776108,141030450230,"Miami Heat Predictors"
"505",460581.348048417,141040000110,"Miami Heat Predictors"
"506",637240.144497073,141040240441,"Miami Heat Predictors"
"507",403505.683947261,141040260670,"Miami Heat Predictors"
"508",756151.40830426,141060160070,"Miami Heat Predictors"
"509",274295.186606317,141060181890,"Miami Heat Predictors"
"510",524688.567254584,141090010500,"Miami Heat Predictors"
"511",192501.133505295,141090240230,"Miami Heat Predictors"
"512",767296.869454753,141100022500,"Miami Heat Predictors"
"513",-44694.58375262,141100632511,"Miami Heat Predictors"
"514",824778.761036748,141110011230,"Miami Heat Predictors"
"515",288339.791953189,141110011780,"Miami Heat Predictors"
"516",209050.43041069,141110110531,"Miami Heat Predictors"
"517",302360.416882873,141110130580,"Miami Heat Predictors"
"518",9176.97672546891,141160040280,"Miami Heat Predictors"
"519",364567.42428111,141160093890,"Miami Heat Predictors"
"520",57116.4623669605,141160152240,"Miami Heat Predictors"
"521",530269.779137552,141160160130,"Miami Heat Predictors"
"522",333522.868491883,141160180470,"Miami Heat Predictors"
"523",-128739.020447386,141210020990,"Miami Heat Predictors"
"524",-81943.184670432,141210021070,"Miami Heat Predictors"
"525",513559.677890035,141390070630,"Miami Heat Predictors"
"526",730191.02924123,141390071230,"Miami Heat Predictors"
"527",609306.123556218,141390072440,"Miami Heat Predictors"
"528",30986.5237000713,131120650501,"Miami Heat Predictors"
"529",581792.244462597,132070162020,"Miami Heat Predictors"
"530",326796.718899779,132070460360,"Miami Heat Predictors"
"531",72739.6404638314,131140450180,"Miami Heat Predictors"
"532",233486.680831802,141020064790,"Miami Heat Predictors"
"533",-229653.944869714,141060010141,"Miami Heat Predictors"
"534",-52397.7675377039,141060360560,"Miami Heat Predictors"
"535",816854.189662391,131340110021,"Miami Heat Predictors"
"536",217045.260288705,141030250130,"Miami Heat Predictors"
"537",396182.101663303,141100090260,"Miami Heat Predictors"
"538",392763.719640185,141150080960,"Miami Heat Predictors"
"539",2075817.68520772,232100100340,"Miami Heat Predictors"
"540",529593.874209372,232330160210,"Miami Heat Predictors"
"541",157020.674707117,232030110270,"Miami Heat Predictors"
"542",491394.669587526,232340150300,"Miami Heat Predictors"
"543",11582848.7074385,232230030110,"Miami Heat Predictors"
"544",15988460.5489632,242050010520,"Miami Heat Predictors"
"545",2753326.01038412,232030012430,"Miami Heat Predictors"
"546",2094847.63144272,232030070780,"Miami Heat Predictors"
"547",5685247.12371498,232220221470,"Miami Heat Predictors"
"548",1488255.0517583,232270060230,"Miami Heat Predictors"
"549",2590993.66245035,232270060410,"Miami Heat Predictors"
"550",3425264.11655261,232270060430,"Miami Heat Predictors"
"551",2045838.48366596,232280010550,"Miami Heat Predictors"
"552",2382548.25387694,232280010970,"Miami Heat Predictors"
"553",3427639.60750165,232320030170,"Miami Heat Predictors"
"554",2726418.20002053,232320110190,"Miami Heat Predictors"
"555",11697189.0855036,232320110740,"Miami Heat Predictors"
"556",469829.205913409,131130170170,"Miami Heat Predictors"
"557",138619.742026484,131140070010,"Miami Heat Predictors"
"558",96588.1978549788,131140120760,"Miami Heat Predictors"
"559",30602.567113845,131140120790,"Miami Heat Predictors"
"560",-64235.3380646071,131140160890,"Miami Heat Predictors"
"561",-85864.0126007511,131140170060,"Miami Heat Predictors"
"562",408296.399020404,131140170560,"Miami Heat Predictors"
"563",169180.215228206,131140170600,"Miami Heat Predictors"
"564",97770.8627089663,131140180600,"Miami Heat Predictors"
"565",-202008.74618501,131140181400,"Miami Heat Predictors"
"566",162525.243424442,131140200760,"Miami Heat Predictors"
"567",569478.861697537,131140200930,"Miami Heat Predictors"
"568",163321.341909765,131140210280,"Miami Heat Predictors"
"569",-97958.4532534135,131140360170,"Miami Heat Predictors"
"570",-39044.462081158,131140360620,"Miami Heat Predictors"
"571",244173.954367497,131140361350,"Miami Heat Predictors"
"572",52321.4068980144,131140361750,"Miami Heat Predictors"
"573",444418.680454483,131140361920,"Miami Heat Predictors"
"574",-196793.940334256,131140362440,"Miami Heat Predictors"
"575",189140.142961243,131140363210,"Miami Heat Predictors"
"576",602847.902825325,131140390070,"Miami Heat Predictors"
"577",336281.318767296,131140431370,"Miami Heat Predictors"
"578",117375.340185559,131140440080,"Miami Heat Predictors"
"579",57805.1418144562,131220521370,"Miami Heat Predictors"
"580",144758.587451985,131220521650,"Miami Heat Predictors"
"581",51054.4977055132,131220521920,"Miami Heat Predictors"
"582",758679.745363941,131230060220,"Miami Heat Predictors"
"583",586589.562658207,131230060570,"Miami Heat Predictors"
"584",181691.22157303,131230100130,"Miami Heat Predictors"
"585",89751.7636478145,131230120520,"Miami Heat Predictors"
"586",21578.1221901946,131230120550,"Miami Heat Predictors"
"587",-213590.579937192,131230121300,"Miami Heat Predictors"
"588",-185660.926685436,131230121350,"Miami Heat Predictors"
"589",37119.796362008,131230121410,"Miami Heat Predictors"
"590",86957.5036463535,131230121480,"Miami Heat Predictors"
"591",243463.431421786,131230140310,"Miami Heat Predictors"
"592",755035.915682085,131230290050,"Miami Heat Predictors"
"593",69589.722889187,131230400110,"Miami Heat Predictors"
"594",42567.5948732265,131230400260,"Miami Heat Predictors"
"595",379954.570503248,131240010050,"Miami Heat Predictors"
"596",380544.07657387,131240011440,"Miami Heat Predictors"
"597",115765.981102544,131240020240,"Miami Heat Predictors"
"598",920834.210857566,131240031021,"Miami Heat Predictors"
"599",893398.259376367,131240150270,"Miami Heat Predictors"
"600",320018.569236022,131240161280,"Miami Heat Predictors"
"601",461071.476931825,131240171520,"Miami Heat Predictors"
"602",760579.122189022,131240190121,"Miami Heat Predictors"
"603",540075.204565437,131240190300,"Miami Heat Predictors"
"604",631765.37592535,131240190650,"Miami Heat Predictors"
"605",484281.052268744,131240191490,"Miami Heat Predictors"
"606",554013.363978831,131240201120,"Miami Heat Predictors"
"607",650384.18128658,131330133520,"Miami Heat Predictors"
"608",255569.472328669,131330140730,"Miami Heat Predictors"
"609",-159790.829648375,131330141600,"Miami Heat Predictors"
"610",223764.504541176,131340430430,"Miami Heat Predictors"
"611",680263.817214896,132070400700,"Miami Heat Predictors"
"612",799949.537107378,132070401010,"Miami Heat Predictors"
"613",562660.881884922,132070401650,"Miami Heat Predictors"
"614",402554.202808963,132180040080,"Miami Heat Predictors"
"615",1182872.06447542,132180050060,"Miami Heat Predictors"
"616",587684.652476569,132180080190,"Miami Heat Predictors"
"617",819860.688179893,132180080210,"Miami Heat Predictors"
"618",694625.913584636,132180320130,"Miami Heat Predictors"
"619",360224.518460444,132190090490,"Miami Heat Predictors"
"620",820658.165221738,141040281710,"Miami Heat Predictors"
"621",847377.000315984,141040281740,"Miami Heat Predictors"
"622",-255983.458843259,131230060610,"Miami Heat Predictors"
"623",64096.0277091783,131230110220,"Miami Heat Predictors"
"624",-65209.4789577019,131230110570,"Miami Heat Predictors"
"625",160414.819761918,131230110990,"Miami Heat Predictors"
"626",-213483.800499919,131230111270,"Miami Heat Predictors"
"627",235904.295447618,131230111310,"Miami Heat Predictors"
"628",2124.5232001328,131230112020,"Miami Heat Predictors"
"629",77073.3000073427,131230170090,"Miami Heat Predictors"
"630",104805.560226643,131230220621,"Miami Heat Predictors"
"631",136684.679503592,131230220830,"Miami Heat Predictors"
"632",-33553.1033002583,131240010550,"Miami Heat Predictors"
"633",-35427.7977181784,131240010680,"Miami Heat Predictors"
"634",165039.536328682,131240010760,"Miami Heat Predictors"
"635",-144688.685620092,131240010960,"Miami Heat Predictors"
"636",26413.7010518836,131240012210,"Miami Heat Predictors"
"637",127430.920205508,131240012280,"Miami Heat Predictors"
"638",337356.755224217,131320040100,"Miami Heat Predictors"
"639",1020336.94889333,131320130120,"Miami Heat Predictors"
"640",316557.514840894,131330040410,"Miami Heat Predictors"
"641",1404924.49473069,131340440290,"Miami Heat Predictors"
"642",257290.713015279,131340440650,"Miami Heat Predictors"
"643",94368.871549831,131340450960,"Miami Heat Predictors"
"644",631013.817031836,131340500250,"Miami Heat Predictors"
"645",1507798.74274319,132070070040,"Miami Heat Predictors"
"646",379028.962605014,132070161220,"Miami Heat Predictors"
"647",442962.305172251,132070161360,"Miami Heat Predictors"
"648",-94865.7601181705,132070163000,"Miami Heat Predictors"
"649",116589.312117535,132070180420,"Miami Heat Predictors"
"650",1117261.32126311,132070310270,"Miami Heat Predictors"
"651",5982387.4362623,132070370380,"Miami Heat Predictors"
"652",227825.888322855,132070380150,"Miami Heat Predictors"
"653",862420.997175863,132070380210,"Miami Heat Predictors"
"654",610026.61218632,132070511210,"Miami Heat Predictors"
"655",1116935.96853455,132070830150,"Miami Heat Predictors"
"656",1378627.50092584,132080050210,"Miami Heat Predictors"
"657",1851043.11712754,132080050260,"Miami Heat Predictors"
"658",632855.628298046,132080090220,"Miami Heat Predictors"
"659",1463257.138633,132180340120,"Miami Heat Predictors"
"660",1774220.25559305,132180360130,"Miami Heat Predictors"
"661",1525469.16839225,132180370210,"Miami Heat Predictors"
"662",769319.146120478,132180370430,"Miami Heat Predictors"
"663",592815.428636658,132190040940,"Miami Heat Predictors"
"664",1856135.68317527,132190060130,"Miami Heat Predictors"
"665",725366.300980616,132190160070,"Miami Heat Predictors"
"666",4706438.93238364,132310260240,"Miami Heat Predictors"
"667",1261510.79130085,132320010620,"Miami Heat Predictors"
"668",222460.584461763,140010010841,"Miami Heat Predictors"
"669",482540.199749985,140010040010,"Miami Heat Predictors"
"670",250115.114896041,140010040260,"Miami Heat Predictors"
"671",370564.754519316,140010040491,"Miami Heat Predictors"
"672",60684.7958396901,140010040770,"Miami Heat Predictors"
"673",104415.474709999,140010041050,"Miami Heat Predictors"
"674",664783.882336961,140010041810,"Miami Heat Predictors"
"675",340602.750954784,140010043650,"Miami Heat Predictors"
"676",463561.054167731,140010055460,"Miami Heat Predictors"
"677",927867.02705101,140010056230,"Miami Heat Predictors"
"678",820619.254951094,140010056280,"Miami Heat Predictors"
"679",337417.383244282,140010057150,"Miami Heat Predictors"
"680",-219899.643906664,140010080170,"Miami Heat Predictors"
"681",286281.307445946,140010100100,"Miami Heat Predictors"
"682",-8171.35380240309,140010120450,"Miami Heat Predictors"
"683",-82242.6969409446,140010130320,"Miami Heat Predictors"
"684",-26352.0956122309,140010170940,"Miami Heat Predictors"
"685",265992.538366879,140010171721,"Miami Heat Predictors"
"686",66070.2130700138,140020030610,"Miami Heat Predictors"
"687",144630.888264948,140020032600,"Miami Heat Predictors"
"688",-78804.2704046909,141030330320,"Miami Heat Predictors"
"689",307458.800782439,141030330910,"Miami Heat Predictors"
"690",180459.284175915,141030331730,"Miami Heat Predictors"
"691",232811.411583809,141030332240,"Miami Heat Predictors"
"692",989949.197070586,141030350300,"Miami Heat Predictors"
"693",326940.790130395,141030410151,"Miami Heat Predictors"
"694",338622.681427105,141030430020,"Miami Heat Predictors"
"695",479301.758039967,141030430210,"Miami Heat Predictors"
"696",1305414.36477897,141030440120,"Miami Heat Predictors"
"697",519928.299915737,141040120130,"Miami Heat Predictors"
"698",-71137.7663156452,141040190240,"Miami Heat Predictors"
"699",107967.203422679,141040200551,"Miami Heat Predictors"
"700",151940.433292547,141050081230,"Miami Heat Predictors"
"701",279544.418645267,141050240460,"Miami Heat Predictors"
"702",1305174.47036202,141050370691,"Miami Heat Predictors"
"703",364736.570169704,141050370920,"Miami Heat Predictors"
"704",114476.490732063,141050470140,"Miami Heat Predictors"
"705",-122769.86293138,141060020050,"Miami Heat Predictors"
"706",-200982.69817219,141060110990,"Miami Heat Predictors"
"707",-79306.1193221679,141060131690,"Miami Heat Predictors"
"708",1166179.2740014,141060200250,"Miami Heat Predictors"
"709",93969.6499165606,141060200440,"Miami Heat Predictors"
"710",242749.708205259,141060210270,"Miami Heat Predictors"
"711",331478.89113029,141060210300,"Miami Heat Predictors"
"712",344666.448274239,141060430430,"Miami Heat Predictors"
"713",90574.3360603896,141060431190,"Miami Heat Predictors"
"714",469471.245019337,141060440280,"Miami Heat Predictors"
"715",-121938.859021565,141060461700,"Miami Heat Predictors"
"716",307391.687218392,141090051620,"Miami Heat Predictors"
"717",214316.26095081,141090100020,"Miami Heat Predictors"
"718",237744.154753886,141090110140,"Miami Heat Predictors"
"719",225597.933142161,141090110670,"Miami Heat Predictors"
"720",343531.854007101,141090120600,"Miami Heat Predictors"
"721",741615.772703544,141090401870,"Miami Heat Predictors"
"722",-84573.6591221491,141100120170,"Miami Heat Predictors"
"723",175034.422276316,141100141110,"Miami Heat Predictors"
"724",28405.1872002137,141100141111,"Miami Heat Predictors"
"725",535311.082164583,141100200090,"Miami Heat Predictors"
"726",171565.452696564,141100260040,"Miami Heat Predictors"
"727",241604.673768342,141100260170,"Miami Heat Predictors"
"728",430087.263632972,141100310230,"Miami Heat Predictors"
"729",428886.880039675,141100350060,"Miami Heat Predictors"
"730",114800.175115648,141100400070,"Miami Heat Predictors"
"731",349631.962844333,141100400090,"Miami Heat Predictors"
"732",545032.134147929,141100440090,"Miami Heat Predictors"
"733",152604.334094853,141100440160,"Miami Heat Predictors"
"734",668210.904922364,141100510030,"Miami Heat Predictors"
"735",646250.339877479,141100590165,"Miami Heat Predictors"
"736",258864.113685222,141100632650,"Miami Heat Predictors"
"737",307700.474397418,141100633221,"Miami Heat Predictors"
"738",380426.057906353,141100640900,"Miami Heat Predictors"
"739",-56744.1355237232,141110040250,"Miami Heat Predictors"
"740",308582.002311665,141110061030,"Miami Heat Predictors"
"741",377105.737347348,141110061280,"Miami Heat Predictors"
"742",1637138.46905865,141140010091,"Miami Heat Predictors"
"743",1297547.71395657,141140060540,"Miami Heat Predictors"
"744",373548.788432876,141150050010,"Miami Heat Predictors"
"745",215245.315338462,141150060560,"Miami Heat Predictors"
"746",414508.80831212,141150060990,"Miami Heat Predictors"
"747",652297.61044114,141150062720,"Miami Heat Predictors"
"748",289295.627333598,141150071370,"Miami Heat Predictors"
"749",636020.983174626,141150082010,"Miami Heat Predictors"
"750",728920.080759415,141150082351,"Miami Heat Predictors"
"751",977023.36369761,141150120150,"Miami Heat Predictors"
"752",253868.310506984,141150121010,"Miami Heat Predictors"
"753",1211374.06309147,141150121180,"Miami Heat Predictors"
"754",464879.440163096,141150122251,"Miami Heat Predictors"
"755",262045.247601017,141150123350,"Miami Heat Predictors"
"756",1702919.68914473,141150240220,"Miami Heat Predictors"
"757",2543896.97551941,141150240370,"Miami Heat Predictors"
"758",2396190.36676839,141150240390,"Miami Heat Predictors"
"759",1018537.15706426,141150240670,"Miami Heat Predictors"
"760",1142285.09517861,141150280105,"Miami Heat Predictors"
"761",1414857.53251808,141150330010,"Miami Heat Predictors"
"762",2852819.7585471,141150330080,"Miami Heat Predictors"
"763",726976.73091753,141150381460,"Miami Heat Predictors"
"764",248743.00481989,141150410070,"Miami Heat Predictors"
"765",822433.330907636,141150410230,"Miami Heat Predictors"
"766",525509.909528026,141150430090,"Miami Heat Predictors"
"767",667097.169719364,141150440450,"Miami Heat Predictors"
"768",302102.447448308,141150440520,"Miami Heat Predictors"
"769",1915211.93938927,141150900010,"Miami Heat Predictors"
"770",2443070.66228799,141151020020,"Miami Heat Predictors"
"771",-351884.413119336,141200060860,"Miami Heat Predictors"
"772",1319123.74858337,141200090110,"Miami Heat Predictors"
"773",343556.000638165,141200160080,"Miami Heat Predictors"
"774",294689.58335958,141200160170,"Miami Heat Predictors"
"775",340706.161040524,141200160180,"Miami Heat Predictors"
"776",3467307.19353346,141200160255,"Miami Heat Predictors"
"777",2272079.09617449,141200420010,"Miami Heat Predictors"
"778",-497497.485581497,141210071830,"Miami Heat Predictors"
"779",80220.6379092156,141210120070,"Miami Heat Predictors"
"780",366972.997037219,141210130050,"Miami Heat Predictors"
"781",3656620.87701243,141210130260,"Miami Heat Predictors"
"782",707325.971374143,141220011070,"Miami Heat Predictors"
"783",2131358.66286206,141280090150,"Miami Heat Predictors"
"784",1384185.38078653,141290060050,"Miami Heat Predictors"
"785",1266723.40686823,141290100560,"Miami Heat Predictors"
"786",2331093.75505292,141290140090,"Miami Heat Predictors"
"787",1888675.65577315,141290140110,"Miami Heat Predictors"
"788",2152567.7674703,141290180170,"Miami Heat Predictors"
"789",1904672.00250969,141290220120,"Miami Heat Predictors"
"790",250230.787459752,141380010350,"Miami Heat Predictors"
"791",165167.847854119,141380011400,"Miami Heat Predictors"
"792",625465.214960739,141380013010,"Miami Heat Predictors"
"793",1082469.66251381,141380013590,"Miami Heat Predictors"
"794",4128453.768711,141380013685,"Miami Heat Predictors"
"795",883674.598651448,141380080350,"Miami Heat Predictors"
"796",1723033.39748856,141380082230,"Miami Heat Predictors"
"797",564562.379283102,141380082480,"Miami Heat Predictors"
"798",933098.491669851,141380091245,"Miami Heat Predictors"
"799",111730.740584578,141380091380,"Miami Heat Predictors"
"800",596913.805511556,141380100500,"Miami Heat Predictors"
"801",2881976.31462487,141390011980,"Miami Heat Predictors"
"802",705469.464076532,141390052080,"Miami Heat Predictors"
"803",17612.9616162308,141390074300,"Miami Heat Predictors"
"804",1489873.98346566,141400030040,"Miami Heat Predictors"
"805",803969.806472382,232030012070,"Miami Heat Predictors"
"806",668559.805202035,232030013370,"Miami Heat Predictors"
"807",395678.346507102,232030073180,"Miami Heat Predictors"
"808",2116147.50277868,232030073530,"Miami Heat Predictors"
"809",-132881.201115952,232100010610,"Miami Heat Predictors"
"810",453866.30840621,232100132710,"Miami Heat Predictors"
"811",1533454.38216462,232110140680,"Miami Heat Predictors"
"812",2385118.08150178,232140030500,"Miami Heat Predictors"
"813",696258.012102218,232150032320,"Miami Heat Predictors"
"814",1193292.54563947,232220100810,"Miami Heat Predictors"
"815",3236846.91380143,232220140250,"Miami Heat Predictors"
"816",867332.968730442,232220220300,"Miami Heat Predictors"
"817",1686727.60059165,232270080870,"Miami Heat Predictors"
"818",1537905.52440377,232270081450,"Miami Heat Predictors"
"819",1940878.6371197,232320050010,"Miami Heat Predictors"
"820",1117586.84621478,242030097460,"Miami Heat Predictors"
"821",1647979.54727921,242030098670,"Miami Heat Predictors"
"822",529256.798325747,141020052560,"Miami Heat Predictors"
"823",356630.418680389,131130420950,"Miami Heat Predictors"
"824",220383.428045976,131130421460,"Miami Heat Predictors"
"825",112754.7325766,131140040010,"Miami Heat Predictors"
"826",213923.783942646,131140270520,"Miami Heat Predictors"
"827",251860.413340394,131220470300,"Miami Heat Predictors"
"828",-66876.9484742658,131220523580,"Miami Heat Predictors"
"829",428877.253058602,131220525820,"Miami Heat Predictors"
"830",387747.030790716,131230340410,"Miami Heat Predictors"
"831",-199951.885771586,131230373440,"Miami Heat Predictors"
"832",545378.017193845,141040070090,"Miami Heat Predictors"
"833",17191.2733304334,141050030360,"Miami Heat Predictors"
"834",804177.665584707,141060220290,"Miami Heat Predictors"
"835",333522.868491883,141160180470,"Miami Heat Predictors"
"836",816854.189662391,131340110021,"Miami Heat Predictors"
"837",469829.205913409,131130170170,"Miami Heat Predictors"
"838",525192.225709898,131140080170,"Miami Heat Predictors"
"839",30602.567113845,131140120790,"Miami Heat Predictors"
"840",162525.243424442,131140200760,"Miami Heat Predictors"
"841",36997.5384239982,131140210290,"Miami Heat Predictors"
"842",-13181.6461015964,131140362230,"Miami Heat Predictors"
"843",602847.902825325,131140390070,"Miami Heat Predictors"
"844",437611.606786061,131140431400,"Miami Heat Predictors"
"845",327432.344441932,131140431600,"Miami Heat Predictors"
"846",613213.277827187,131230060760,"Miami Heat Predictors"
"847",61745.4942087732,131230061440,"Miami Heat Predictors"
"848",243463.431421786,131230140310,"Miami Heat Predictors"
"849",250589.708674191,131240181010,"Miami Heat Predictors"
"850",255569.472328669,131330140730,"Miami Heat Predictors"
"851",883205.203109197,132070401600,"Miami Heat Predictors"
"852",819860.688179893,132180080210,"Miami Heat Predictors"
"853",870101.733009249,141040281420,"Miami Heat Predictors"
"854",-65209.4789577019,131230110570,"Miami Heat Predictors"
"855",-144688.685620092,131240010960,"Miami Heat Predictors"
"856",26413.7010518836,131240012210,"Miami Heat Predictors"
"857",241050.661938873,131320130460,"Miami Heat Predictors"
"858",423830.392245184,131330030690,"Miami Heat Predictors"
"859",-74511.1482071775,131350161380,"Miami Heat Predictors"
"860",520861.629580654,132070050010,"Miami Heat Predictors"
"861",764401.300360764,132080020150,"Miami Heat Predictors"
"862",1856135.68317527,132190060130,"Miami Heat Predictors"
"863",1858420.42747335,132190080860,"Miami Heat Predictors"
"864",412435.708705377,140010032553,"Miami Heat Predictors"
"865",380610.361929732,140010051950,"Miami Heat Predictors"
"866",1022065.0059109,140010057322,"Miami Heat Predictors"
"867",307458.800782439,141030330910,"Miami Heat Predictors"
"868",573901.941009199,141030430450,"Miami Heat Predictors"
"869",146987.197309862,141040060310,"Miami Heat Predictors"
"870",1305174.47036202,141050370691,"Miami Heat Predictors"
"871",-79306.1193221679,141060131690,"Miami Heat Predictors"
"872",242749.708205259,141060210270,"Miami Heat Predictors"
"873",155478.148316895,141100050160,"Miami Heat Predictors"
"874",-66293.2679157335,141390073010,"Miami Heat Predictors"
"875",-115847.613224129,232100020450,"Miami Heat Predictors"
"876",886967.95635351,232270080280,"Miami Heat Predictors"
